Title,Link,Model,Price,Agency,KMs_Rum,Location
2008 Nissan Xterra SE,https://www.carpages.ca/used-cars/ontario/london/2008-nissan-xterra-8708330/,SE,"$4,000",MacMaster Chevrolet,"331,556KM","London, ON"
2010 Jeep Patriot ,https://www.carpages.ca/used-cars/alberta/calgary/2010-jeep-patriot-8779307/,NA,"$4,000",Regal Auctions Ltd.,"179,616KM","Calgary, AB"
2011 Volkswagen Tiguan COMFORTLINE,https://www.carpages.ca/used-cars/ontario/komoka/2011-volkswagen-tiguan-8685983/,COMFORTLINE,"$4,200",Cars in Lobo,"285,405KM","Komoka, ON"
2010 Dodge Journey AS IS,https://www.carpages.ca/used-cars/ontario/nepean/2010-dodge-journey-8677799/,AS IS,"$4,489",Hyundai on Hunt Club,"210,563KM","Nepean, ON"
2011 Hyundai Santa Fe GL,https://www.carpages.ca/used-cars/nova-scotia/bridgewater/2011-hyundai-santa-fe-8569439/,GL,"$4,493",Steele Auto Group,"224,865KM","Bridgewater, NS"
2010 Kia Rondo LX,https://www.carpages.ca/used-cars/ontario/brampton/2010-kia-rondo-8802182/,LX,"$4,499",WMZ Auto Sales,"211,988KM","Brampton, ON"
2008 Mitsubishi Outlander XLS,https://www.carpages.ca/used-cars/ontario/hamilton/2008-mitsubishi-outlander-7833708/,XLS,"$4,499",Rim Ram Auto Sales,"261,129KM","Hamilton, ON"
2010 Kia Soul 5dr Wgn Man 4u,https://www.carpages.ca/used-cars/ontario/etobicoke/2010-kia-soul-8745344/,5dr Wgn Man 4u,"$4,500",Quality Motors,"209,413KM","Etobicoke, ON"
2011 Chevrolet Equinox 2LT AS-IS | YOU CERTIFY YOU SAVE!,https://www.carpages.ca/used-cars/ontario/kitchener/2011-chevrolet-equinox-8674457/,2LT AS-IS | YOU CERTIFY YOU SAVE!,"$4,500",Kitchener Ford Ltd,"248,931KM","Kitchener, ON"
2017 Ford Escape SE 4WD,https://www.carpages.ca/used-cars/ontario/stittsville/2017-ford-escape-8772077/,SE 4WD,"$4,500",CFT AUTO SALES,"175,099KM","Stittsville, ON"
2008 Jeep Patriot SPORT,https://www.carpages.ca/used-cars/ontario/kitchener/2008-jeep-patriot-8787866/,SPORT,"$4,600",Beta Auto Sales,"153,000KM","Kitchener, ON"
2010 Ford Escape 4WD 4dr V6 Auto Limited,https://www.carpages.ca/used-cars/ontario/mississauga/2010-ford-escape-8816105/,4WD 4dr V6 Auto Limited,"$4,620",Gardiner Motors,"207,000KM","Mississauga, ON"
2010 Dodge Journey FWD 4DR SE,https://www.carpages.ca/used-cars/ontario/brampton/2010-dodge-journey-8779859/,FWD 4DR SE,"$4,674",Sport Empire Car Sales,"185,000KM","Brampton, ON"
2008 Jeep Compass RWD Sport (Certified Included + 3 Month Warranty),https://www.carpages.ca/used-cars/ontario/cambridge/2008-jeep-compass-8797298/,RWD Sport (Certified Included + 3 Month Warranty),"$4,699",Roxy Auto Inc,"180,936KM","Cambridge, ON"
2009 Jeep Compass Rocky Mountain,https://www.carpages.ca/used-cars/ontario/hamilton/2009-jeep-compass-8700461/,Rocky Mountain,"$4,700",Star Vendor Auto,"222,743KM","Hamilton, ON"
2013 Chevrolet Trax LS,https://www.carpages.ca/used-cars/nova-scotia/dartmouth/2013-chevrolet-trax-8776847/,LS,"$4,700",Steele Auto Group,"206,460KM","Dartmouth, NS"
2011 Ford Flex limited,https://www.carpages.ca/used-cars/ontario/north-bay/2011-ford-flex-7507617/,limited,"$4,794",George Stockfish Ford Sales Ltd.,"210,079KM","North Bay, ON"
2011 Buick Enclave SOLD AS IS WE APPROVE ALL CREDIT.,https://www.carpages.ca/used-cars/ontario/mississauga/2011-buick-enclave-8623802/,SOLD AS IS WE APPROVE ALL CREDIT.,"$4,800",Redline Auto Sales,"279,000KM","Mississauga, ON"
2009 Ford Escape XLT,https://www.carpages.ca/used-cars/alberta/calgary/2009-ford-escape-8276037/,XLT,"$4,800",Regal Auctions Ltd.,"247,627KM","Calgary, AB"
2009 Subaru Forester 2.5 X AS IS - AWD - Sunroof - Cruise Control - Power Windows,https://www.carpages.ca/used-cars/ontario/north-bay/2009-subaru-forester-8645933/,2.5 X AS IS - AWD - Sunroof - Cruise Control - Power Windows,"$4,899",North Bay Mazda,"156,050KM","North Bay, ON"
2010 Ford Escape ,https://www.carpages.ca/used-cars/ontario/scarborough/2010-ford-escape-8798063/,NA,"$4,900",Quality Auto Center,CALL,"Scarborough, ON"
2008 Dodge Durango SLT,https://www.carpages.ca/used-cars/ontario/london/2008-dodge-durango-8447814/,SLT,"$4,900",MacMaster Chevrolet,"217,091KM","London, ON"
2012 GMC Terrain SLE-1 Sle Terrain | You Safety You Save!!,https://www.carpages.ca/used-cars/ontario/oakville/2012-gmc-terrain-8789423/,SLE-1 Sle Terrain | You Safety You Save!!,"$4,949",Oak-Land Ford,"289,347KM","Oakville, ON"
2008 Audi Q7 4.2 Premium,https://www.carpages.ca/used-cars/ontario/kitchener/2008-audi-q7-7631242/,4.2 Premium,"$4,950",Fahad Khan United Motorz Inc.,"241,336KM","Kitchener, ON"
2008 Ford Escape Limited-EXTRA CLEAN-AWD-LEATHER-AUX-ALLOYS,https://www.carpages.ca/used-cars/ontario/scarborough/2008-ford-escape-8255237/,Limited-EXTRA CLEAN-AWD-LEATHER-AUX-ALLOYS,"$4,990",Super Economy Auto Sales,"231,212KM","Scarborough, ON"
2008 Ford Escape Limited-EXTRA CLEAN-AWD-LEATHER-AUX-ALLOYS,https://www.carpages.ca/used-cars/ontario/scarborough/2008-ford-escape-8309412/,Limited-EXTRA CLEAN-AWD-LEATHER-AUX-ALLOYS,"$4,990",Golden Millennium Auto Sales,"231,212KM","Scarborough, ON"
2010 Chevrolet Equinox FWD 4DR,https://www.carpages.ca/used-cars/ontario/mississauga/2010-chevrolet-equinox-8770049/,FWD 4DR,"$4,990",Gardiner Motors,"198,000KM","Mississauga, ON"
2011 GMC Terrain SLE-1,https://www.carpages.ca/used-cars/ontario/pickering/2011-gmc-terrain-8801795/,SLE-1,"$4,995",Star Line Sales and Leasing,"203,171KM","Pickering, ON"
2010 Ford Edge AWD | LEATHER | MOONROOF | ALLOYS |,https://www.carpages.ca/used-cars/ontario/toronto/2010-ford-edge-8253484/,AWD | LEATHER | MOONROOF | ALLOYS |,"$4,995",Maple C Cars,"273,000KM","Toronto, ON"
2010 Ford Edge SEL AWD/Leather/Sunroof/Automatic/Bluetooth,https://www.carpages.ca/used-cars/ontario/scarborough/2010-ford-edge-8720663/,SEL AWD/Leather/Sunroof/Automatic/Bluetooth,"$4,995",D2 Auto Sales,"237,000KM","Scarborough, ON"
2011 Mitsubishi Outlander XLS | SOLD ASIS | ALLOYS | CLOTH INTERIOR |,https://www.carpages.ca/used-cars/ontario/barrie/2011-mitsubishi-outlander-8674493/,XLS | SOLD ASIS | ALLOYS | CLOTH INTERIOR |,"$4,999",Barrie Ford,"234,588KM","Barrie, ON"
2012 Dodge Journey ,https://www.carpages.ca/used-cars/alberta/calgary/2012-dodge-journey-8753636/,NA,"$5,000",Regal Auctions Ltd.,"173,585KM","Calgary, AB"
2012 Ford Escape Escape XLT,https://www.carpages.ca/used-cars/nova-scotia/halifax/2012-ford-escape-1222354/,Escape XLT,"$5,241",Steele Auto Group,"170,264KM","Halifax, NS"
2012 GMC Acadia SLT AS IS - Bose Sound - Sunroof - Third Row Seating,https://www.carpages.ca/used-cars/ontario/north-bay/2012-gmc-acadia-8778983/,SLT AS IS - Bose Sound - Sunroof - Third Row Seating,"$5,250",North Bay Mazda,"234,766KM","North Bay, ON"
2012 Ford Escape XLT,https://www.carpages.ca/used-cars/nova-scotia/dartmouth/2012-ford-escape-8776871/,XLT,"$5,400",Steele Auto Group,"256,060KM","Dartmouth, NS"
2013 Ford Flex SEL-AS-IS,https://www.carpages.ca/used-cars/ontario/mississauga/2013-ford-flex-8569733/,SEL-AS-IS,"$5,400",Danny & Sons Auto Sales Ltd,"351,080KM","Mississauga, ON"
2012 Hyundai Veracruz GLS,https://www.carpages.ca/used-cars/newfoundland-and-labrador/gander/2012-hyundai-veracruz-8707508/,GLS,"$5,450",Steele Auto Group,"194,500KM","Gander, NL"
2008 Jeep Compass Sport,https://www.carpages.ca/used-cars/ontario/north-york/2008-jeep-compass-8520467/,Sport,"$5,490",Carview Motors,"232,650KM","North York, ON"
2010 Mazda MAZDA5 GS,https://www.carpages.ca/used-cars/ontario/oshawa/2010-mazda-mazda5-8402991/,GS,"$5,490",Mint Auto Sales,"209,500KM","Oshawa, ON"
2012 Dodge Journey Fwd 4dr,https://www.carpages.ca/used-cars/ontario/kitchener/2012-dodge-journey-8773841/,Fwd 4dr,"$5,495",ABC Auto Repairs,"249,500KM","Kitchener, ON"
2011 Kia Rondo EX,https://www.carpages.ca/used-cars/quebec/vaudreuil-dorion/2011-kia-rondo-8280696/,EX,"$5,495",Groupe Capital Auto,"182,723KM","Vaudreuil-Dorion, QC"
2014 Chevrolet Equinox LS,https://www.carpages.ca/used-cars/nova-scotia/dartmouth/2014-chevrolet-equinox-8782139/,LS,"$5,500",Steele Auto Group,"215,649KM","Dartmouth, NS"
2011 Chevrolet Equinox LT 2 Years Power-train Warranty,https://www.carpages.ca/used-cars/ontario/vaughan/2011-chevrolet-equinox-8576327/,LT 2 Years Power-train Warranty,"$5,500",Topbillin Auto Sales,"215,000KM","Vaughan, ON"
2015 Kia Sorento EX,https://www.carpages.ca/used-cars/alberta/calgary/2015-kia-sorento-8577380/,EX,"$5,500",Regal Auctions Ltd.,"218,145KM","Calgary, AB"
2011 Dodge Journey R/T,https://www.carpages.ca/used-cars/alberta/calgary/2011-dodge-journey-8797745/,R/T,"$5,500",Regal Auctions Ltd.,"164,997KM","Calgary, AB"
2014 Dodge Journey R/T Rallye,https://www.carpages.ca/used-cars/alberta/calgary/2014-dodge-journey-8797667/,R/T Rallye,"$5,500",Regal Auctions Ltd.,"179,442KM","Calgary, AB"
2009 Mazda CX-7 ,https://www.carpages.ca/used-cars/alberta/calgary/2009-mazda-cx-7-8802380/,NA,"$5,500",Regal Auctions Ltd.,"194,546KM","Calgary, AB"
2009 Chevrolet Tahoe LT*LEATHER*8PASS*SOLD AS IS!!*,https://www.carpages.ca/used-cars/ontario/toronto/2009-chevrolet-tahoe-8409441/,LT*LEATHER*8PASS*SOLD AS IS!!*,"$5,500",Weston Motors Inc.,"353,000KM","Toronto, ON"
2010 Hyundai Tucson AWD 4dr I4 Auto GLS,https://www.carpages.ca/used-cars/ontario/scarborough/2010-hyundai-tucson-8801978/,AWD 4dr I4 Auto GLS,"$5,588",Why Buy New Motors,"273,500KM","Scarborough, ON"
2010 Jeep Liberty Sport 3.7L V6,https://www.carpages.ca/used-cars/alberta/edmonton/2010-jeep-liberty-8705348/,Sport 3.7L V6,"$5,700",Trans Sell Motors,"32,000KM","Edmonton, AB"
2009 Ford Escape XLT,https://www.carpages.ca/used-cars/ontario/hamilton/2009-ford-escape-8634971/,XLT,"$5,750",Auto Star Sales Ltd,"220,080KM","Hamilton, ON"
2008 Mercedes-Benz ML-Class ML320 CDI,https://www.carpages.ca/used-cars/ontario/hamilton/2008-mercedes-benz-ml-class-8795543/,ML320 CDI,"$5,799",Rim Ram Auto Sales,"282,025KM","Hamilton, ON"
2011 Mazda Tribute AWD I4 AUTO GX,https://www.carpages.ca/used-cars/ontario/toronto/2011-mazda-tribute-8789981/,AWD I4 AUTO GX,"$5,888",Etobicoke Fine Cars,"191,662KM","Toronto, ON"
2008 Ford Escape XLT,https://www.carpages.ca/used-cars/ontario/north-york/2008-ford-escape-8569610/,XLT,"$5,900",Carview Motors,"201,050KM","North York, ON"
2010 Ford Escape XLT,https://www.carpages.ca/used-cars/ontario/north-york/2010-ford-escape-8491938/,XLT,"$5,900",Carview Motors,"258,400KM","North York, ON"
2009 Hyundai Santa Fe HEATED SEATS*POWER GROUP*PICTURES COMING!!*,https://www.carpages.ca/used-cars/ontario/toronto/2009-hyundai-santa-fe-8788532/,HEATED SEATS*POWER GROUP*PICTURES COMING!!*,"$5,900",Weston Motors Inc.,"190,000KM","Toronto, ON"
"2010 Mazda Tribute Leather , 4 Door, Auto, 3/Y Warranty Available",https://www.carpages.ca/used-cars/ontario/toronto/2010-mazda-tribute-8398698/,"Leather , 4 Door, Auto, 3/Y Warranty Available","$5,900",Auto Cross Inc.,"275,000KM","Toronto, ON"
2011 Chevrolet Equinox ,https://www.carpages.ca/used-cars/ontario/scarborough/2011-chevrolet-equinox-8798135/,NA,"$5,900",Quality Auto Center,"210,222KM","Scarborough, ON"
2011 Nissan Rogue ,https://www.carpages.ca/used-cars/ontario/scarborough/2011-nissan-rogue-8798075/,NA,"$5,900",Quality Auto Center,"151,233KM","Scarborough, ON"
2010 Hyundai Tucson GL Tucson | Gl | You Safety You Save!!,https://www.carpages.ca/used-cars/ontario/oakville/2010-hyundai-tucson-8793299/,GL Tucson | Gl | You Safety You Save!!,"$5,949",Oak-Land Ford,"194,021KM","Oakville, ON"
2010 Kia Soul 5DR WGN MAN,https://www.carpages.ca/used-cars/ontario/newmarket/2010-kia-soul-8691623/,5DR WGN MAN,"$5,950",Bakers Auto Sales,"133,775KM","Newmarket, ON"
2008 Jeep Patriot ~Certified~ 3 YEAR WARRANTY~NO ACCIDENTS~,https://www.carpages.ca/used-cars/ontario/kitchener/2008-jeep-patriot-8766692/,~Certified~ 3 YEAR WARRANTY~NO ACCIDENTS~,"$5,950",Fahad Khan United Motorz Inc.,"268,323KM","Kitchener, ON"
"2012 Chevrolet Equinox 1LT SOLD AS TRADED, YOU CERTIFY, YOU SAVE!!",https://www.carpages.ca/used-cars/ontario/innisfil/2012-chevrolet-equinox-8769179/,"1LT SOLD AS TRADED, YOU CERTIFY, YOU SAVE!!","$5,950",400 Chrysler Dodge Jeep Ram Ltd.,"213,201KM","Innisfil, ON"
2009 Saturn Vue ,https://www.carpages.ca/used-cars/ontario/north-york/2009-saturn-vue-4237110/,NA,"$5,980",Auto Island Inc.,"232,622KM","North York, ON"
2008 Land Rover LR2 SE **Sunroof | Leather | AS TRADED SPECIAL**,https://www.carpages.ca/used-cars/saskatchewan/north-battleford/2008-land-rover-lr2-8765957/,SE **Sunroof | Leather | AS TRADED SPECIAL**,"$5,986",Bridges Chevrolet Buick GM,"341,941KM","North Battleford, SK"
2009 Chevrolet Equinox LS,https://www.carpages.ca/used-cars/ontario/oshawa/2009-chevrolet-equinox-8087056/,LS,"$5,989",R.E.R. Automobiles Ltd,"159,900KM","Oshawa, ON"
2011 Nissan Armada Platinum Edition,https://www.carpages.ca/used-cars/ontario/bolton/2011-nissan-armada-8414769/,Platinum Edition,"$5,990",Pickard Lane Leasing Ltd.,"360,151KM","Bolton, ON"
2010 Mitsubishi Outlander SOLD AS IS,https://www.carpages.ca/used-cars/ontario/nepean/2010-mitsubishi-outlander-8692442/,SOLD AS IS,"$5,994",Dilawri Chrysler,"163,117KM","Nepean, ON"
2009 Hyundai Santa Fe GL - Certified,https://www.carpages.ca/used-cars/ontario/oshawa/2009-hyundai-santa-fe-7639873/,GL - Certified,"$5,995",Olympia Auto Center,"292,000KM","Oshawa, ON"
2008 Pontiac Torrent LT,https://www.carpages.ca/used-cars/ontario/hamilton/2008-pontiac-torrent-8714309/,LT,"$5,995",Best Motors,"195,700KM","Hamilton, ON"
2011 Nissan Murano SV,https://www.carpages.ca/used-cars/ontario/north-york/2011-nissan-murano-8761856/,SV,"$5,995",Auto Resale Inc.,"243,001KM","North York, ON"
2009 Ford Escape XLT,https://www.carpages.ca/used-cars/ontario/guelph/2009-ford-escape-6651620/,XLT,"$5,995",PPLs Auto,"204,500KM","Guelph, ON"
2010 Ford Escape XLT 2.5L FWD 5Speed Manual Certified 207Km,https://www.carpages.ca/used-cars/ontario/rexdale/2010-ford-escape-8801483/,XLT 2.5L FWD 5Speed Manual Certified 207Km,"$5,995",Bisko Auto Sales,"207,000KM","Rexdale, ON"
2010 Ford Edge 4dr Limited AWD,https://www.carpages.ca/used-cars/ontario/north-york/2010-ford-edge-8797454/,4dr Limited AWD,"$5,995",Auto Resale Inc.,"221,001KM","North York, ON"
2009 Chevrolet Traverse 2LT,https://www.carpages.ca/used-cars/ontario/weston/2009-chevrolet-traverse-8222034/,2LT,"$5,995",Lawrence Auto Sales,"232,000KM","Weston, ON"
2011 Dodge Journey Fwd 4dr,https://www.carpages.ca/used-cars/ontario/kitchener/2011-dodge-journey-8773823/,Fwd 4dr,"$5,995",ABC Auto Repairs,"114,500KM","Kitchener, ON"
"2012 Hyundai Veracruz 1 Owner | AWD 4dr GLS | 7 Seater | Sold ""ASIS""",https://www.carpages.ca/used-cars/ontario/brampton/2012-hyundai-veracruz-8669855/,"1 Owner | AWD 4dr GLS | 7 Seater | Sold ""ASIS""","$5,995",BR Motors,"384,212KM","Brampton, ON"
2010 Ford Edge SE - CERTIFIED,https://www.carpages.ca/used-cars/ontario/oshawa/2010-ford-edge-2786970/,SE - CERTIFIED,"$5,995",Olympia Auto Center,"310,000KM","Oshawa, ON"
2010 Jeep Patriot north,https://www.carpages.ca/used-cars/ontario/hamilton/2010-jeep-patriot-8477412/,north,"$5,995",Fast & Good Auto,"149,879KM","Hamilton, ON"
2008 Jeep Compass 4WD 4dr Limited WE FINANCE ALL CREDIT!,https://www.carpages.ca/used-cars/ontario/london/2008-jeep-compass-8793974/,4WD 4dr Limited WE FINANCE ALL CREDIT!,"$5,995",5 Star Dealer Group,"201,317KM","London, ON"
2011 Dodge Journey ,https://www.carpages.ca/used-cars/ontario/north-york/2011-dodge-journey-8797175/,NA,"$5,995",Auto Resale Inc.,"215,001KM","North York, ON"
2008 Ford Edge SEL,https://www.carpages.ca/used-cars/ontario/mississauga/2008-ford-edge-8817965/,SEL,"$5,995",A-Line Automotive,"229,175KM","Mississauga, ON"
2009 Dodge Journey SE,https://www.carpages.ca/used-cars/ontario/st-catharines/2009-dodge-journey-7730887/,SE,"$5,999",Momo Cars,"256,921KM","St. Catharines, ON"
2011 Hyundai Santa Fe ,https://www.carpages.ca/used-cars/quebec/laval/2011-hyundai-santa-fe-8679740/,NA,"$5,999",Autos BB,"184,000KM","Laval, QC"
"2010 Volkswagen Tiguan ""Like NEW 4X4 SUV"" certified + FREE 6M warranty",https://www.carpages.ca/used-cars/ontario/ajax/2010-volkswagen-tiguan-8814317/,"""Like NEW 4X4 SUV"" certified + FREE 6M warranty","$5,999",Kelly and Sons Auto,"276,404KM","Ajax, ON"
2009 Hyundai Santa Fe GL,https://www.carpages.ca/used-cars/ontario/hamilton/2009-hyundai-santa-fe-8361063/,GL,"$5,999",Star Vendor Auto,"207,231KM","Hamilton, ON"
"2014 Dodge Journey SXT MODEL, 5 PASSENGER, BLUETOOTH",https://www.carpages.ca/used-cars/ontario/toronto/2014-dodge-journey-8388957/,"SXT MODEL, 5 PASSENGER, BLUETOOTH","$5,999",Good Fellows Auto Wholesalers,"224,898KM","Toronto, ON"
"2010 Jeep Compass ""Gas MISER"" certified + FREE 6M warranty",https://www.carpages.ca/used-cars/ontario/ajax/2010-jeep-compass-8801147/,"""Gas MISER"" certified + FREE 6M warranty","$5,999",Kelly and Sons Auto,"215,198KM","Ajax, ON"
2009 Hyundai Tucson GL (Certified Included + 3 Month Warranty),https://www.carpages.ca/used-cars/ontario/cambridge/2009-hyundai-tucson-8545895/,GL (Certified Included + 3 Month Warranty),"$5,999",Roxy Auto Inc,"189,426KM","Cambridge, ON"
2009 Mitsubishi Outlander ,https://www.carpages.ca/used-cars/quebec/laval/2009-mitsubishi-outlander-4734420/,NA,"$5,999",Autos BB,"193,000KM","Laval, QC"
2010 Dodge Journey SXT,https://www.carpages.ca/used-cars/nova-scotia/barrington/2010-dodge-journey-8590976/,SXT,"$6,000",Smith & Watt Chrysler,"190,000KM","Barrington, NS"
2013 Ford Edge SEL AS-IS | YOU CERTIFY YOU SAVE!,https://www.carpages.ca/used-cars/ontario/kitchener/2013-ford-edge-8711753/,SEL AS-IS | YOU CERTIFY YOU SAVE!,"$6,000",Kitchener Ford Ltd,"305,582KM","Kitchener, ON"
2008 Chevrolet Equinox LT  AS IS UNCERTIFIED,https://www.carpages.ca/used-cars/ontario/kitchener/2008-chevrolet-equinox-8751050/,LT  AS IS UNCERTIFIED,"$6,005",Kitchener Nissan,"243,932KM","Kitchener, ON"
2010 Ford Edge SEL  - SiriusXM -  Fog Lamps,https://www.carpages.ca/used-cars/ontario/sudbury/2010-ford-edge-8785640/,SEL  - SiriusXM -  Fog Lamps,"$6,200",Palladino Honda,"150,000KM","Sudbury, ON"
2011 Ford Edge CERTIFIED GREAT DEAL! BUY NOW!  WE FINANCE ALL CRE,https://www.carpages.ca/used-cars/ontario/london/2011-ford-edge-8632868/,CERTIFIED GREAT DEAL! BUY NOW!  WE FINANCE ALL CRE,"$6,245",5 Star Dealer Group,"313,650KM","London, ON"
2010 Honda Pilot EX-L AS-IS | YOU CERTIFY YOU SAVE!,https://www.carpages.ca/used-cars/ontario/kitchener/2010-honda-pilot-8701433/,EX-L AS-IS | YOU CERTIFY YOU SAVE!,"$6,250",Kitchener Ford Ltd,"233,047KM","Kitchener, ON"
2010 GMC Terrain SLT-1 AS TRADED,https://www.carpages.ca/used-cars/ontario/hamilton/2010-gmc-terrain-8789375/,SLT-1 AS TRADED,"$6,260",Airport Ford Lincoln Sales Limited,"163,831KM","Hamilton, ON"
2012 Kia Rondo ,https://www.carpages.ca/used-cars/quebec/laval/2012-kia-rondo-8776733/,NA,"$6,399",Autos BB,"176,000KM","Laval, QC"
2008 Jeep Patriot Limited ****CERTIFIED***3 YEAR WARRANTY***,https://www.carpages.ca/used-cars/ontario/kitchener/2008-jeep-patriot-8438553/,Limited ****CERTIFIED***3 YEAR WARRANTY***,"$6,450",Fahad Khan United Motorz Inc.,"147,652KM","Kitchener, ON"
2008 Mazda Tribute GX,https://www.carpages.ca/used-cars/ontario/hamilton/2008-mazda-tribute-8700659/,GX,"$6,450",Auto Star Sales Ltd,"154,700KM","Hamilton, ON"
2009 Nissan Rogue Sport ~CERTIFIED~3 YEAR WARRANTY~,https://www.carpages.ca/used-cars/ontario/kitchener/2009-nissan-rogue-8544803/,Sport ~CERTIFIED~3 YEAR WARRANTY~,"$6,450",Fahad Khan United Motorz Inc.,"217,774KM","Kitchener, ON"
2010 Jeep Patriot Sport ~CERTIFIED~3 YEAR WARRANTY~,https://www.carpages.ca/used-cars/ontario/kitchener/2010-jeep-patriot-8539472/,Sport ~CERTIFIED~3 YEAR WARRANTY~,"$6,450",Fahad Khan United Motorz Inc.,"211,274KM","Kitchener, ON"
2011 Nissan Rogue SL AWD,https://www.carpages.ca/used-cars/ontario/north-york/2011-nissan-rogue-8464773/,SL AWD,"$6,499",Carview Motors,"281,340KM","North York, ON"
2008 Buick Enclave CX (Certified Included + 3 Month Warranty),https://www.carpages.ca/used-cars/ontario/cambridge/2008-buick-enclave-8686646/,CX (Certified Included + 3 Month Warranty),"$6,499",Roxy Auto Inc,"184,052KM","Cambridge, ON"
2009 Dodge Journey SE ~ 4 CYLINDER ~  REAR CAMERA ~ SAFETY INCLUDED,https://www.carpages.ca/used-cars/ontario/toronto/2009-dodge-journey-8716178/,SE ~ 4 CYLINDER ~  REAR CAMERA ~ SAFETY INCLUDED,"$6,499",K & L Auto Sales,"129,600KM","Toronto, ON"
2013 Nissan Rogue SV,https://www.carpages.ca/used-cars/nova-scotia/halifax/2013-nissan-rogue-8695310/,SV,"$6,499",Steele Auto Group,"152,390KM","Halifax, NS"
2014 Chevrolet Equinox FWD 4DR LS,https://www.carpages.ca/used-cars/ontario/mississauga/2014-chevrolet-equinox-8816114/,FWD 4DR LS,"$6,500",Gardiner Motors,"183,000KM","Mississauga, ON"
2011 GMC Terrain SLE-2,https://www.carpages.ca/used-cars/ontario/komoka/2011-gmc-terrain-8740361/,SLE-2,"$6,500",Cars in Lobo,"172,657KM","Komoka, ON"
2013 Ford Escape 2 Years Power-train Warranty,https://www.carpages.ca/used-cars/ontario/vaughan/2013-ford-escape-8501813/,2 Years Power-train Warranty,"$6,500",Topbillin Auto Sales,"298,000KM","Vaughan, ON"
2012 Ford Escape XLT,https://www.carpages.ca/used-cars/alberta/calgary/2012-ford-escape-8784008/,XLT,"$6,500",Regal Auctions Ltd.,"176,241KM","Calgary, AB"
"2009 Honda Pilot 8 Passengers, Auto, 3 Years Warranty Available",https://www.carpages.ca/used-cars/ontario/toronto/2009-honda-pilot-8571683/,"8 Passengers, Auto, 3 Years Warranty Available","$6,500",Auto Cross Inc.,"385,000KM","Toronto, ON"
2010 Subaru Outback LIMITED NO ACCIDENTS I LEATHER I SUNROOF I HARMAN/KARDON BT,https://www.carpages.ca/used-cars/ontario/mississauga/2010-subaru-outback-7634704/,LIMITED NO ACCIDENTS I LEATHER I SUNROOF I HARMAN/KARDON BT,"$6,700",Tabangi Motors,"227,774KM","Mississauga, ON"
2012 GMC Terrain SLE-1,https://www.carpages.ca/used-cars/nova-scotia/halifax/2012-gmc-terrain-8782178/,SLE-1,"$6,782",Steele Auto Group,"145,533KM","Halifax, NS"
2010 Hyundai Tucson GL,https://www.carpages.ca/used-cars/alberta/calgary/2010-hyundai-tucson-8802383/,GL,"$6,800",Regal Auctions Ltd.,"181,149KM","Calgary, AB"
"2008 Buick Enclave AWD , 7 Passenger , 3 Years Warranty Available.",https://www.carpages.ca/used-cars/ontario/toronto/2008-buick-enclave-8419545/,"AWD , 7 Passenger , 3 Years Warranty Available.","$6,850",Auto Cross Inc.,"290,000KM","Toronto, ON"
2014 Kia Sportage LX,https://www.carpages.ca/used-cars/newfoundland-and-labrador/corner-brook/2014-kia-sportage-8790245/,LX,"$6,888",Steele Auto Group,"186,915KM","Corner Brook, NL"
2015 Jeep Patriot north,https://www.carpages.ca/used-cars/alberta/calgary/2015-jeep-patriot-4256412/,north,"$6,900",Regal Auctions Ltd.,"186,373KM","Calgary, AB"
2013 Ford Flex SEL | SOLD ASIS | ALLOYS| POWER WINDOWS AND LOCKS |,https://www.carpages.ca/used-cars/ontario/barrie/2013-ford-flex-8516507/,SEL | SOLD ASIS | ALLOYS| POWER WINDOWS AND LOCKS |,"$6,920",Barrie Ford,"260,522KM","Barrie, ON"
2010 Mazda Tribute FWD I4 Man GX,https://www.carpages.ca/used-cars/ontario/newmarket/2010-mazda-tribute-8691635/,FWD I4 Man GX,"$6,950",Bakers Auto Sales,"127,650KM","Newmarket, ON"
"2008 Jeep Compass Sport, Local, No Accidents, Power Group, iPod Hookup",https://www.carpages.ca/used-cars/british-columbia/surrey/2008-jeep-compass-8483598/,"Sport, Local, No Accidents, Power Group, iPod Hookup","$6,980",B.C. Dealers Trade-In Centre Ltd.,"162,541KM","Surrey, BC"
2010 GMC Terrain FWD 4DR SLE,https://www.carpages.ca/used-cars/ontario/north-york/2010-gmc-terrain-7689733/,FWD 4DR SLE,"$6,980",Auto Island Inc.,"210,610KM","North York, ON"
"2009 Ford Escape 4WD V6 Auto XLT, Leather Heated Seats, Sunroof, Clean!",https://www.carpages.ca/used-cars/british-columbia/surrey/2009-ford-escape-2687113/,"4WD V6 Auto XLT, Leather Heated Seats, Sunroof, Clean!","$6,980",B.C. Dealers Trade-In Centre Ltd.,"188,479KM","Surrey, BC"
2010 Hyundai Santa Fe V6 Auto GL,https://www.carpages.ca/used-cars/ontario/north-york/2010-hyundai-santa-fe-7739274/,V6 Auto GL,"$6,980",Auto Island Inc.,"270,482KM","North York, ON"
2012 GMC Terrain SLE-2 FWD  I $0 DOWN-EVERYONE APPROVED!!!,https://www.carpages.ca/used-cars/alberta/calgary/2012-gmc-terrain-7767663/,SLE-2 FWD  I $0 DOWN-EVERYONE APPROVED!!!,"$6,988",GT Motor Sports South,"279,306KM","Calgary, AB"
2008 Pontiac Torrent 4 Dr Auto,https://www.carpages.ca/used-cars/ontario/etobicoke/2008-pontiac-torrent-8205588/,4 Dr Auto,"$6,990",High Cliff Motors Ltd.,"164,771KM","Etobicoke, ON"
2008 GMC Acadia SLE-1 FWD,https://www.carpages.ca/used-cars/british-columbia/west-kelowna/2008-gmc-acadia-8179761/,SLE-1 FWD,"$6,990",KV Cars Inc.,"305,000KM","West Kelowna, BC"
2012 Ford Transit Connect XLT WITH REAR DOOR G,https://www.carpages.ca/used-cars/british-columbia/west-kelowna/2012-ford-transit-connect-8760137/,XLT WITH REAR DOOR G,"$6,990",KV Cars Inc.,"440,312KM","West Kelowna, BC"
2008 Jeep Grand Cherokee LAREDO 4WD,https://www.carpages.ca/used-cars/british-columbia/west-kelowna/2008-jeep-grand-cherokee-8184129/,LAREDO 4WD,"$6,990",KV Cars Inc.,"281,351KM","West Kelowna, BC"
2012 Chevrolet Orlando Sold As Is,https://www.carpages.ca/used-cars/ontario/nepean/2012-chevrolet-orlando-8736392/,Sold As Is,"$6,994",Dilawri Chrysler,"169,213KM","Nepean, ON"
2008 Nissan Rogue SL **SUNROOF / HEATED SEATS***,https://www.carpages.ca/used-cars/ontario/burlington/2008-nissan-rogue-7980426/,SL **SUNROOF / HEATED SEATS***,"$6,995",Precision Motors,"208,179KM","Burlington, ON"
2011 Nissan Xterra S,https://www.carpages.ca/used-cars/ontario/oakville/2011-nissan-xterra-8644577/,S,"$6,995",Oakville Autos,"437,000KM","Oakville, ON"
2009 Nissan Rogue S,https://www.carpages.ca/used-cars/ontario/london/2009-nissan-rogue-8745152/,S,"$6,995",Bart's Used Cars,"191,550KM","London, ON"
2013 Ford Edge Limited,https://www.carpages.ca/used-cars/ontario/tilbury/2013-ford-edge-8817275/,Limited,"$6,995",Lakeshore Auto,"248,431KM","Tilbury, ON"
2014 Kia Rondo ES,https://www.carpages.ca/used-cars/ontario/north-york/2014-kia-rondo-8761853/,ES,"$6,995",Auto Resale Inc.,"191,402KM","North York, ON"
2010 Chevrolet Traverse 2LT LT MODEL|3.6L|AS-IS,https://www.carpages.ca/used-cars/ontario/st-catharines/2010-chevrolet-traverse-8793014/,2LT LT MODEL|3.6L|AS-IS,"$6,995",Ed Learn Ford Lincoln Ltd.,"251,331KM","St Catharines, ON"
2010 Ford Escape XLT/1 OWNER/NO REPORTED ACCIDENTS/SAFETY AND WARRA,https://www.carpages.ca/used-cars/ontario/oakville/2010-ford-escape-8343402/,XLT/1 OWNER/NO REPORTED ACCIDENTS/SAFETY AND WARRA,"$6,995",Oakville Autos,"208,135KM","Oakville, ON"
2009 Ford Escape XLT - Certified,https://www.carpages.ca/used-cars/ontario/oshawa/2009-ford-escape-2752368/,XLT - Certified,"$6,995",Olympia Auto Center,"252,000KM","Oshawa, ON"
2010 Dodge Journey SE  -  Power Seats,https://www.carpages.ca/used-cars/ontario/kemptville/2010-dodge-journey-8781557/,SE  -  Power Seats,"$6,995",Myers Automotive Group,"178,767KM","Kemptville, ON"
2011 GMC Terrain SLE-2|PIONEERAUDIO|ALLOYS|ROOFRACK|BACKUPCAM|SXM|+,https://www.carpages.ca/used-cars/ontario/north-york/2011-gmc-terrain-8793716/,SLE-2|PIONEERAUDIO|ALLOYS|ROOFRACK|BACKUPCAM|SXM|+,"$6,995",Favorit Motors,"204,175KM","North York, ON"
2009 Dodge Journey SXT - V6 ENGINE - 3 ROW SEATING - CERTIFIED,https://www.carpages.ca/used-cars/ontario/oshawa/2009-dodge-journey-7546582/,SXT - V6 ENGINE - 3 ROW SEATING - CERTIFIED,"$6,995",Olympia Auto Center,"223,000KM","Oshawa, ON"
2010 Nissan Rogue AS-IS|AWD|TOW HITCH|AUX,https://www.carpages.ca/used-cars/ontario/barrie/2010-nissan-rogue-8656255/,AS-IS|AWD|TOW HITCH|AUX,"$6,995",Car Central,"170,000KM","Barrie, ON"
2008 Ford Edge SEL AWD WAGON,https://www.carpages.ca/used-cars/ontario/london/2008-ford-edge-8791469/,SEL AWD WAGON,"$6,995",Bart's Used Cars,"244,967KM","London, ON"
2013 Volkswagen Tiguan Trendline,https://www.carpages.ca/used-cars/nova-scotia/halifax/2013-volkswagen-tiguan-8318334/,Trendline,"$6,996",Steele Auto Group,"180,368KM","Halifax, NS"
2012 Nissan Cube 1.8 SL,https://www.carpages.ca/used-cars/ontario/toronto/2012-nissan-cube-8552414/,1.8 SL,"$6,998",MSD Motors,"211,300KM","Toronto, ON"
2010 Kia Rondo EX,https://www.carpages.ca/used-cars/ontario/kitchener/2010-kia-rondo-8358642/,EX,"$6,999",SMP Auto Sales Inc,"143,000KM","Kitchener, ON"
2011 Mitsubishi Outlander ,https://www.carpages.ca/used-cars/quebec/laval/2011-mitsubishi-outlander-7670419/,NA,"$6,999",Autos BB,"199,000KM","Laval, QC"
2013 Buick Enclave Premium CLEAN CARFAX | V6 | AWD,https://www.carpages.ca/used-cars/ontario/waterloo/2013-buick-enclave-8787998/,Premium CLEAN CARFAX | V6 | AWD,"$6,999",Parkway Ford Sales,"376,488KM","Waterloo, ON"
2013 Ford Explorer XLT,https://www.carpages.ca/used-cars/alberta/calgary/2013-ford-explorer-8815022/,XLT,"$7,000",Regal Auctions Ltd.,"211,072KM","Calgary, AB"
2011 GMC Acadia 3.6LT/SLT/FWD,https://www.carpages.ca/used-cars/ontario/grimsby/2011-gmc-acadia-8736842/,3.6LT/SLT/FWD,"$7,000",Wills Chevrolet Buick GMC Ltd.,"236,224KM","Grimsby, ON"
2018 Kia Sorento LX,https://www.carpages.ca/used-cars/alberta/calgary/2018-kia-sorento-8802344/,LX,"$7,000",Regal Auctions Ltd.,"239,860KM","Calgary, AB"
2008 Jeep Liberty Sport,https://www.carpages.ca/used-cars/ontario/sudbury/2008-jeep-liberty-8804822/,Sport,"$7,150",Palladino Honda,"125,141KM","Sudbury, ON"
2012 Nissan Rogue SV,https://www.carpages.ca/used-cars/nova-scotia/halifax/2012-nissan-rogue-8619044/,SV,"$7,295",Steele Auto Group,"180,303KM","Halifax, NS"
2012 Hyundai Veracruz GLS,https://www.carpages.ca/used-cars/ontario/oakville/2012-hyundai-veracruz-8780054/,GLS,"$7,300",Oak-Land Ford,"223,103KM","Oakville, ON"
2009 Hyundai Tucson GLS,https://www.carpages.ca/used-cars/ontario/newmarket/2009-hyundai-tucson-7711171/,GLS,"$7,350",Eurosports ,"170,661KM","Newmarket, ON"
2008 Nissan Rogue S 2WD,https://www.carpages.ca/used-cars/ontario/dunnville/2008-nissan-rogue-8779130/,S 2WD,"$7,350",Dave's Auto Service,"178,522KM","Dunnville, ON"
2009 Hyundai Santa Fe GL*LEATHER*SUNROOF*NO ACCIDENTS*CERTIFIED*WARRANTY,https://www.carpages.ca/used-cars/ontario/mississauga/2009-hyundai-santa-fe-8469147/,GL*LEATHER*SUNROOF*NO ACCIDENTS*CERTIFIED*WARRANTY,"$7,350",Capital Motors,"182,762KM","Mississauga, ON"
2010 Chevrolet Equinox LT Bluetooth | AC | Cruise Control,https://www.carpages.ca/used-cars/ontario/waterloo/2010-chevrolet-equinox-8583194/,LT Bluetooth | AC | Cruise Control,"$7,390",Carimex,"213,000KM","Waterloo, ON"
2010 Dodge Journey FWD 4DR SXT,https://www.carpages.ca/used-cars/ontario/windsor/2010-dodge-journey-8480031/,FWD 4DR SXT,"$7,399",Auto Nation Car Sales,"138,000KM","Windsor, ON"
2009 Dodge Journey SE*CERTIFIED* 3 YEAR WARRANTY*,https://www.carpages.ca/used-cars/ontario/kitchener/2009-dodge-journey-8790749/,SE*CERTIFIED* 3 YEAR WARRANTY*,"$7,450",Fahad Khan United Motorz Inc.,"173,908KM","Kitchener, ON"
2010 Hyundai Santa Fe **CERTIFIED**3 YEAR WARRANTY**,https://www.carpages.ca/used-cars/ontario/kitchener/2010-hyundai-santa-fe-8512427/,**CERTIFIED**3 YEAR WARRANTY**,"$7,450",Fahad Khan United Motorz Inc.,"234,024KM","Kitchener, ON"
"2008 Hyundai Veracruz GL V6, Heated Seats, Full-Size SUV, Climate Control, Sunroof",https://www.carpages.ca/used-cars/british-columbia/surrey/2008-hyundai-veracruz-8322342/,"GL V6, Heated Seats, Full-Size SUV, Climate Control, Sunroof","$7,480",B.C. Dealers Trade-In Centre Ltd.,"233,059KM","Surrey, BC"
2010 Chevrolet SS LS,https://www.carpages.ca/used-cars/ontario/oshawa/2010-chevrolet-ss-8445150/,LS,"$7,489",R.E.R. Automobiles Ltd,"106,000KM","Oshawa, ON"
2008 Lexus RX 350 ,https://www.carpages.ca/used-cars/ontario/oakville/2008-lexus-rx-350-8768273/,NA,"$7,495",Oakville Autos,"192,600MI","Oakville, ON"
2009 Hyundai Santa Fe GL,https://www.carpages.ca/used-cars/ontario/komoka/2009-hyundai-santa-fe-8605064/,GL,"$7,495",Cars in Lobo,"195,766KM","Komoka, ON"
2009 Hyundai Santa Fe GL,https://www.carpages.ca/used-cars/ontario/guelph/2009-hyundai-santa-fe-8814854/,GL,"$7,495",Murrays Garage,"168,166KM","Guelph, ON"
2012 GMC Acadia SLT AWD,https://www.carpages.ca/used-cars/british-columbia/port-moody/2012-gmc-acadia-8810525/,SLT AWD,"$7,498",OpenRoad Mazda Port Moody,"217,169KM","Port Moody, BC"
2009 Nissan Murano AWD 4DR S,https://www.carpages.ca/used-cars/ontario/windsor/2009-nissan-murano-8805113/,AWD 4DR S,"$7,499",Auto Nation Car Sales,"157,000KM","Windsor, ON"
2008 Honda CR-V LX,https://www.carpages.ca/used-cars/ontario/brampton/2008-honda-cr-v-8801948/,LX,"$7,499",WMZ Auto Sales,"253,800KM","Brampton, ON"
2009 Hyundai Santa Fe GL,https://www.carpages.ca/used-cars/ontario/brampton/2009-hyundai-santa-fe-8802107/,GL,"$7,499",WMZ Auto Sales,"181,047KM","Brampton, ON"
"2013 Kia Soul 2u, AUTOMATIC, AIR CONDITION, POWER GROUP, 230 KM",https://www.carpages.ca/used-cars/ontario/ottawa/2013-kia-soul-8531081/,"2u, AUTOMATIC, AIR CONDITION, POWER GROUP, 230 KM","$7,500",Rony's Auto Sales,"230,565KM","Ottawa, ON"
2008 Nissan Pathfinder 4WD 4dr V6 S,https://www.carpages.ca/used-cars/ontario/etobicoke/2008-nissan-pathfinder-8768621/,4WD 4dr V6 S,"$7,500",1st Auto Group,"151,200KM","Etobicoke, ON"
2008 Honda CR-V 4WD 5dr EX-L /AWD / LEATHER / ROOF /FUEL EFFICIENT,https://www.carpages.ca/used-cars/ontario/scarborough/2008-honda-cr-v-8801699/,4WD 5dr EX-L /AWD / LEATHER / ROOF /FUEL EFFICIENT,"$7,500",Executive Motors,"230,000KM","Scarborough, ON"
2008 Ford Escape 4WD 4dr V6*LEATHER*SUNROOF*HEATED SEATS*CERTIFIED,https://www.carpages.ca/used-cars/ontario/mississauga/2008-ford-escape-8774276/,4WD 4dr V6*LEATHER*SUNROOF*HEATED SEATS*CERTIFIED,"$7,550",Capital Motors,"166,100KM","Mississauga, ON"
2010 Dodge Journey SE,https://www.carpages.ca/used-cars/ontario/kitchener/2010-dodge-journey-8744816/,SE,"$7,600",Beta Auto Sales,"154,000KM","Kitchener, ON"
2010 Chevrolet Equinox FWD 4dr LT w/1LT,https://www.carpages.ca/used-cars/ontario/windsor/2010-chevrolet-equinox-8679668/,FWD 4dr LT w/1LT,"$7,699",Auto Nation Car Sales,"185,000KM","Windsor, ON"
2013 Ford Escape 4WD 4dr SE,https://www.carpages.ca/used-cars/alberta/edmonton/2013-ford-escape-7060772/,4WD 4dr SE,"$7,700",Green Line Auto Clearance,"271,000KM","Edmonton, AB"
2010 Ford Flex AWD*SUNROOF*LEATHER*HEATED SEATS*PICTURES COMING!!,https://www.carpages.ca/used-cars/ontario/toronto/2010-ford-flex-8767787/,AWD*SUNROOF*LEATHER*HEATED SEATS*PICTURES COMING!!,"$7,700",Weston Motors Inc.,"299,000KM","Toronto, ON"
2008 Ford Edge 4dr Limited AWD,https://www.carpages.ca/used-cars/alberta/edmonton/2008-ford-edge-6269928/,4dr Limited AWD,"$7,700",Green Line Auto Clearance,"217,000KM","Edmonton, AB"
"2012 Dodge Journey SOLD AS TRADED, YOU CERTIFY, YOU SAVE!!",https://www.carpages.ca/used-cars/ontario/innisfil/2012-dodge-journey-8650234/,"SOLD AS TRADED, YOU CERTIFY, YOU SAVE!!","$7,750",400 Chrysler Dodge Jeep Ram Ltd.,"183,163KM","Innisfil, ON"
2012 Jeep Compass Sport | Manual | 1OWN,https://www.carpages.ca/used-cars/ontario/burlington/2012-jeep-compass-8643182/,Sport | Manual | 1OWN,"$7,774",ZARQ,"165,807KM","Burlington, ON"
2013 Ford Escape SOLD AS IS *Shipper Special* WE APPROVE ALL C,https://www.carpages.ca/used-cars/ontario/mississauga/2013-ford-escape-8490650/,SOLD AS IS *Shipper Special* WE APPROVE ALL C,"$7,800",Redline Auto Sales,"275,000KM","Mississauga, ON"
2010 Dodge Journey SE,https://www.carpages.ca/used-cars/ontario/kitchener/2010-dodge-journey-8496712/,SE,"$7,800",Beta Auto Sales,"150,000KM","Kitchener, ON"
"2010 Jeep Compass Low KM, 4 Door, Auto, 3/Y Warranty Available",https://www.carpages.ca/used-cars/ontario/toronto/2010-jeep-compass-8605976/,"Low KM, 4 Door, Auto, 3/Y Warranty Available","$7,800",Auto Cross Inc.,"171,000KM","Toronto, ON"
2008 Mazda CX-9 GT,https://www.carpages.ca/used-cars/british-columbia/vancouver/2008-mazda-cx-9-8737160/,GT,"$7,800",ML Motors,"232,965KM","Vancouver, BC"
2009 Subaru Forester ALL WHEEL DRIVE,https://www.carpages.ca/used-cars/ontario/yarker/2009-subaru-forester-8001162/,ALL WHEEL DRIVE,"$7,850",Last Chance Auto Restore.com,"235,220KM","Yarker, ON"
"2009 Jeep Compass 4 Cyl, True North",https://www.carpages.ca/used-cars/ontario/peterborough/2009-jeep-compass-8480319/,"4 Cyl, True North","$7,850",Deals On Wheels,"195,000KM","Peterborough, ON"
2009 Kia Sportage LX 4WD,https://www.carpages.ca/used-cars/ontario/guelph/2009-kia-sportage-8814860/,LX 4WD,"$7,888",4x4 Auto Sales,"207,000KM","Guelph, ON"
2011 Ford Escape ,https://www.carpages.ca/used-cars/quebec/laval/2011-ford-escape-8714036/,NA,"$7,899",Autos BB,"156,000KM","Laval, QC"
2014 Ford Escape SE,https://www.carpages.ca/used-cars/alberta/calgary/2014-ford-escape-8682047/,SE,"$7,900",Regal Auctions Ltd.,"210,416KM","Calgary, AB"
2009 Ford Escape XLT 4WD,https://www.carpages.ca/used-cars/ontario/mississauga/2009-ford-escape-8800577/,XLT 4WD,"$7,900",Ontario Auto Group,"164,251KM","Mississauga, ON"
2012 Nissan Pathfinder ,https://www.carpages.ca/used-cars/alberta/calgary/2012-nissan-pathfinder-8773928/,NA,"$7,900",Regal Auctions Ltd.,"216,560KM","Calgary, AB"
2012 Audi Q5 2.0L Premium Plus,https://www.carpages.ca/used-cars/ontario/komoka/2012-audi-q5-8481288/,2.0L Premium Plus,"$7,900",Cars in Lobo,"263,915KM","Komoka, ON"
"2015 Chevrolet Equinox AWD, Camera, Bluetooth, 3/Y Warranty Available",https://www.carpages.ca/used-cars/ontario/toronto/2015-chevrolet-equinox-8414499/,"AWD, Camera, Bluetooth, 3/Y Warranty Available","$7,900",Auto Cross Inc.,"391,000KM","Toronto, ON"
2012 Dodge Journey R/T,https://www.carpages.ca/used-cars/alberta/calgary/2012-dodge-journey-8704877/,R/T,"$7,900",Regal Auctions Ltd.,"136,295KM","Calgary, AB"
2012 Nissan Rogue FWD 4dr,https://www.carpages.ca/used-cars/ontario/north-york/2012-nissan-rogue-7839924/,FWD 4dr,"$7,980",Auto Island Inc.,"234,536KM","North York, ON"
"2011 Kia Rondo EX, Local, No Accidents, Heated Seats, 23 Service Records!",https://www.carpages.ca/used-cars/british-columbia/surrey/2011-kia-rondo-8191164/,"EX, Local, No Accidents, Heated Seats, 23 Service Records!","$7,980",B.C. Dealers Trade-In Centre Ltd.,"197,009KM","Surrey, BC"
2010 Ford Edge SPORT | $0 DOWN - EVERYONE APROVED!!,https://www.carpages.ca/used-cars/alberta/calgary/2010-ford-edge-7791855/,SPORT | $0 DOWN - EVERYONE APROVED!!,"$7,988",GT Motor Sports Calgary,"219,451KM","Calgary, AB"
2008 GMC Acadia SLE  I AWD |$0 DOWN-EVERYONE APPROVED!!!,https://www.carpages.ca/used-cars/alberta/calgary/2008-gmc-acadia-8193537/,SLE  I AWD |$0 DOWN-EVERYONE APPROVED!!!,"$7,988",GT Motor Sports South,"193,292KM","Calgary, AB"
"2011 Ford Escape XLT, , CERTIFIED!!",https://www.carpages.ca/used-cars/ontario/mississauga/2011-ford-escape-8310774/,"XLT, , CERTIFIED!!","$7,990",HDO Cars Inc.,"159,000KM","Mississauga, ON"
2009 Hyundai Santa Fe 4Dr Auto V6,https://www.carpages.ca/used-cars/ontario/etobicoke/2009-hyundai-santa-fe-8704709/,4Dr Auto V6,"$7,990",High Cliff Motors Ltd.,"150,000KM","Etobicoke, ON"
2009 Buick Enclave AWD 4dr CXL,https://www.carpages.ca/used-cars/ontario/fenwick/2009-buick-enclave-8682932/,AWD 4dr CXL,"$7,990",Japanese Sport Car,"275,000KM","Fenwick, ON"
2013 Chevrolet Trax 1LT AWD,https://www.carpages.ca/used-cars/british-columbia/west-kelowna/2013-chevrolet-trax-7941552/,1LT AWD,"$7,990",KV Cars Inc.,"249,090KM","West Kelowna, BC"
2012 Hyundai Tucson FWD 4dr I4 Man L,https://www.carpages.ca/used-cars/ontario/etobicoke/2012-hyundai-tucson-8687960/,FWD 4dr I4 Man L,"$7,990",1st Auto Group,"104,359KM","Etobicoke, ON"
2008 Ford Escape LIMITED 4WD,https://www.carpages.ca/used-cars/british-columbia/west-kelowna/2008-ford-escape-7885341/,LIMITED 4WD,"$7,990",KV Cars Inc.,"214,403KM","West Kelowna, BC"
2008 BMW X5 3.0si,https://www.carpages.ca/used-cars/british-columbia/west-kelowna/2008-bmw-x5-8728355/,3.0si,"$7,990",KV Cars Inc.,"245,788KM","West Kelowna, BC"
2009 Dodge Journey R/T AWD,https://www.carpages.ca/used-cars/ontario/london/2009-dodge-journey-8654260/,R/T AWD,"$7,991",Downtown Motor Products,"157,000KM","London, ON"
2011 Kia Sorento LX,https://www.carpages.ca/used-cars/nova-scotia/bridgewater/2011-kia-sorento-8703362/,LX,"$7,991",Steele Auto Group,"270,167KM","Bridgewater, NS"
2013 Chevrolet Trax LT,https://www.carpages.ca/used-cars/nova-scotia/bridgewater/2013-chevrolet-trax-3041449/,LT,"$7,993",Steele Auto Group,"221,992KM","Bridgewater, NS"
2013 Dodge Journey SXT*ALLOYS*3.6L V6*AUTOMATIC*CERTIFIED,https://www.carpages.ca/used-cars/ontario/london/2013-dodge-journey-8591711/,SXT*ALLOYS*3.6L V6*AUTOMATIC*CERTIFIED,"$7,995",Tiger Auto Sales Ltd.,"202,309KM","London, ON"
2009 Cadillac SRX 3RD ROW SEATING,https://www.carpages.ca/used-cars/ontario/london/2009-cadillac-srx-8778410/,3RD ROW SEATING,"$7,995",Bart's Used Cars,"220,888KM","London, ON"
2013 Kia Sportage LX,https://www.carpages.ca/used-cars/newfoundland-and-labrador/grand-falls-windsor/2013-kia-sportage-8593448/,LX,"$7,995",Steele Auto Group,"135,592KM","Grand Falls-Windsor, NL"
2010 Honda CR-V LX (A5),https://www.carpages.ca/used-cars/ontario/gloucester/2010-honda-cr-v-8792681/,LX (A5),"$7,995",Bank Street Mitsubishi,"222,640KM","Gloucester, ON"
2013 Ford Edge SE/CLEAN CARFAX/SAFETY/WARRANTY/FINANCING,https://www.carpages.ca/used-cars/ontario/oakville/2013-ford-edge-8545919/,SE/CLEAN CARFAX/SAFETY/WARRANTY/FINANCING,"$7,995",Oakville Autos,"242,540KM","Oakville, ON"
2012 Kia Sorento Automatic/4 Cylinder/1 Yr Warranty/Comes Certified,https://www.carpages.ca/used-cars/ontario/scarborough/2012-kia-sorento-8720432/,Automatic/4 Cylinder/1 Yr Warranty/Comes Certified,"$7,995",D2 Auto Sales,"194,000KM","Scarborough, ON"
2010 BMW X3 28i,https://www.carpages.ca/used-cars/ontario/hamilton/2010-bmw-x3-8587211/,28i,"$7,995",Parkdale Auto Centre,"135,542KM","Hamilton, ON"
2009 Dodge Journey FWD 4DR SXT,https://www.carpages.ca/used-cars/manitoba/winnipeg/2009-dodge-journey-8608082/,FWD 4DR SXT,"$7,995",Northstar Motors Inc,"233,967KM","Winnipeg, MB"
2010 Dodge Journey SE 7 PSSNGR CERTIFIED *2ND SET WINTER**SERVICE RECORDS* BLUETOOTH AUX,https://www.carpages.ca/used-cars/ontario/milton/2010-dodge-journey-8459469/,SE 7 PSSNGR CERTIFIED *2ND SET WINTER**SERVICE RECORDS* BLUETOOTH AUX,"$7,995",Auto Moto of Ontario,"170,978KM","Milton, ON"
2013 GMC Acadia SLE,https://www.carpages.ca/used-cars/ontario/brampton/2013-gmc-acadia-8801987/,SLE,"$7,995",Empire Motorz,"281,000KM","Brampton, ON"
2010 Subaru Forester 2.5 X,https://www.carpages.ca/used-cars/british-columbia/courtenay/2010-subaru-forester-8809322/,2.5 X,"$7,998",Courtenay Kia,"225,525KM","Courtenay, BC"
"2008 Ford Escape XLT,SUNROOF,ALLOY WHEELS,FOG LIGHTS,CERTIFIED",https://www.carpages.ca/used-cars/ontario/mississauga/2008-ford-escape-8688815/,"XLT,SUNROOF,ALLOY WHEELS,FOG LIGHTS,CERTIFIED","$7,999",Ryder Motors Inc.,"156,694KM","Mississauga, ON"
"2009 Mazda Tribute ""clean NO ACCIDENTS"" certified + FREE 6M warranty",https://www.carpages.ca/used-cars/ontario/ajax/2009-mazda-tribute-8778851/,"""clean NO ACCIDENTS"" certified + FREE 6M warranty","$7,999",Kelly and Sons Auto,"144,560KM","Ajax, ON"
2014 Chevrolet Orlando LT,https://www.carpages.ca/used-cars/ontario/north-york/2014-chevrolet-orlando-8464641/,LT,"$7,999",Carview Motors,"171,400KM","North York, ON"
"2011 Ford Escape XLT,LEATHER,SUNROOF,HEATED SEATS,ALLOY,CERTIFIED",https://www.carpages.ca/used-cars/ontario/mississauga/2011-ford-escape-8756216/,"XLT,LEATHER,SUNROOF,HEATED SEATS,ALLOY,CERTIFIED","$7,999",Ryder Motors Inc.,"169,000KM","Mississauga, ON"
2013 Kia Sorento AWD 4dr V6 Auto LX w-3rd Row,https://www.carpages.ca/used-cars/ontario/north-york/2013-kia-sorento-8801996/,AWD 4dr V6 Auto LX w-3rd Row,"$7,999",Malibu Motors,"205,000KM","North York, ON"
2011 Kia Sorento ,https://www.carpages.ca/used-cars/quebec/laval/2011-kia-sorento-8467215/,NA,"$7,999",Autos BB,"165,000KM","Laval, QC"
2014 Dodge Journey SXT,https://www.carpages.ca/used-cars/ontario/toronto/2014-dodge-journey-8735675/,SXT,"$8,000",Connaught Auto,"176,206KM","Toronto, ON"
2008 Hummer H3 ,https://www.carpages.ca/used-cars/ontario/vaughan/2008-hummer-h3-8721695/,NA,"$8,000",Topbillin Auto Sales,"245,000KM","Vaughan, ON"
2011 Ford Escape XLT Automatic,https://www.carpages.ca/used-cars/ontario/waterloo/2011-ford-escape-8803028/,XLT Automatic,"$8,000",Parkway Ford Sales,"169,385KM","Waterloo, ON"
2011 Nissan Rogue AWD / SV / REAR CAM / SUNROOF / A/C/ ALLOYS / 4CYL,https://www.carpages.ca/used-cars/ontario/scarborough/2011-nissan-rogue-8811137/,AWD / SV / REAR CAM / SUNROOF / A/C/ ALLOYS / 4CYL,"$8,000",Executive Motors,"184,000KM","Scarborough, ON"
"2008 Dodge Nitro RARE *MANUAL*, WE APPROVE ALL CREDIT.",https://www.carpages.ca/used-cars/ontario/london/2008-dodge-nitro-7211201/,"RARE *MANUAL*, WE APPROVE ALL CREDIT.","$8,000",Redline Auto Sales,"211,000KM","London, ON"
"2011 Jeep Grand Cherokee Laredo SOLD AS TRADED, YOU CERTIFY, YOU SAVE!!",https://www.carpages.ca/used-cars/ontario/barrie/2011-jeep-grand-cherokee-8670881/,"Laredo SOLD AS TRADED, YOU CERTIFY, YOU SAVE!!","$8,250",Barrie Chrysler Dodge Jeep Ram Ltd.,"198,861KM","Barrie, ON"
2010 Jeep Patriot 2.4L/NO ACCIDENTS/FULLY LOADED/SAFETY INCLUDED,https://www.carpages.ca/used-cars/ontario/cambridge/2010-jeep-patriot-8811464/,2.4L/NO ACCIDENTS/FULLY LOADED/SAFETY INCLUDED,"$8,290",A&S Prestige Auto Sales,"145,000KM","Cambridge, ON"
2008 Nissan Rogue FWD 4dr,https://www.carpages.ca/used-cars/ontario/north-york/2008-nissan-rogue-8723654/,FWD 4dr,"$8,299",Mr. Memo Auto,"168,000KM","North York, ON"
2009 Nissan Rogue S,https://www.carpages.ca/used-cars/ontario/tilbury/2009-nissan-rogue-5844699/,S,"$8,299",Tilbury Auto Sales and RV Inc.,"198,581KM","Tilbury, ON"
2013 Hyundai Tucson SOLD AS IS *WE APPROVE ALL CREDIT*,https://www.carpages.ca/used-cars/ontario/mississauga/2013-hyundai-tucson-8586503/,SOLD AS IS *WE APPROVE ALL CREDIT*,"$8,300",Redline Auto Sales,"176,000KM","Mississauga, ON"
2008 Acura RDX AWD 4dr,https://www.carpages.ca/used-cars/ontario/waterloo/2008-acura-rdx-8779046/,AWD 4dr,"$8,425",Canada Cars,"232,116KM","Waterloo, ON"
2011 Infiniti EX35 **CERTIFIED**3 YEAR WARRANTY**,https://www.carpages.ca/used-cars/ontario/kitchener/2011-infiniti-ex35-8539433/,**CERTIFIED**3 YEAR WARRANTY**,"$8,450",Fahad Khan United Motorz Inc.,"264,092KM","Kitchener, ON"
"2015 Dodge Journey SXT, V6, 7-PASS, CRUISE, A/C",https://www.carpages.ca/used-cars/quebec/saint-hubert/2015-dodge-journey-8737268/,"SXT, V6, 7-PASS, CRUISE, A/C","$8,480",Auto Flash BFH,"235,000KM","Saint-Hubert, QC"
2014 Kia Sorento LX,https://www.carpages.ca/used-cars/prince-edward-island/charlottetown/2014-kia-sorento-8376561/,LX,"$8,488",Experience Hyundai,"174,963KM","Charlottetown, PE"
2011 Ford Edge AWD-NAVI-BK UP CAM-LEATHER-PANORAMA-CHROME ALLOYS,https://www.carpages.ca/used-cars/ontario/scarborough/2011-ford-edge-8788883/,AWD-NAVI-BK UP CAM-LEATHER-PANORAMA-CHROME ALLOYS,"$8,490",Super Economy Auto Sales,"289,000KM","Scarborough, ON"
2013 Ford Escape SE-AWD-4 CYL-BLUETOOTH-AUX-USB-ALLOYS-MUST SEE!!!,https://www.carpages.ca/used-cars/ontario/scarborough/2013-ford-escape-8440551/,SE-AWD-4 CYL-BLUETOOTH-AUX-USB-ALLOYS-MUST SEE!!!,"$8,490",Super Economy Auto Sales,"203,559KM","Scarborough, ON"
2011 Jeep Patriot 4WD 4dr North,https://www.carpages.ca/used-cars/ontario/oshawa/2011-jeep-patriot-8801402/,4WD 4dr North,"$8,490",Mint Auto Sales,"164,500KM","Oshawa, ON"
2012 Jeep Patriot 4WD North Edition Roof Rack,https://www.carpages.ca/used-cars/ontario/mississauga/2012-jeep-patriot-5902269/,4WD North Edition Roof Rack,"$8,490",Ontario Auto Group,"183,017KM","Mississauga, ON"
2015 Nissan Rogue SV,https://www.carpages.ca/used-cars/nova-scotia/halifax/2015-nissan-rogue-8273799/,SV,"$8,491",Steele Auto Group,"201,021KM","Halifax, NS"
2010 GMC Terrain SLE-2 FWD,https://www.carpages.ca/used-cars/ontario/trenton/2010-gmc-terrain-5808189/,SLE-2 FWD,"$8,495",Need a Car Trenton,"113,727KM","Trenton, ON"
